Episode,State_X,State_Y,Goal_X,Goal_Y,Distance_to_Goal,Obstacle_Density,Step_Cost,Goal_Reward,Collision_Penalty
1,0,6,7,7,8,0.140625,-1,100,-10
2,5,3,7,7,6,0.140625,-1,100,-10
3,3,6,7,7,5,0.140625,-1,100,-10
4,0,5,7,7,9,0.140625,-1,100,-10
5,1,0,7,7,13,0.140625,-1,100,-10
6,4,7,7,7,3,0.140625,-1,100,-10
7,5,6,7,7,3,0.140625,-1,100,-10
8,5,6,7,7,3,0.140625,-1,100,-10
9,4,1,7,7,9,0.140625,-1,100,-10
10,6,3,7,7,5,0.140625,-1,100,-10
11,4,2,7,7,8,0.140625,-1,100,-10
12,1,7,7,7,6,0.140625,-1,100,-10
13,6,5,7,7,3,0.140625,-1,100,-10
14,3,6,7,7,5,0.140625,-1,100,-10
15,4,3,7,7,7,0.140625,-1,100,-10
16,3,1,7,7,10,0.140625,-1,100,-10
17,0,4,7,7,10,0.140625,-1,100,-10
18,7,0,7,7,7,0.140625,-1,100,-10
19,6,6,7,7,2,0.140625,-1,100,-10
20,2,5,7,7,7,0.140625,-1,100,-10
21,1,6,7,7,7,0.140625,-1,100,-10
22,5,2,7,7,7,0.140625,-1,100,-10
23,0,7,7,7,7,0.140625,-1,100,-10
24,3,7,7,7,4,0.140625,-1,100,-10
25,5,6,7,7,3,0.140625,-1,100,-10
26,6,1,7,7,7,0.140625,-1,100,-10
27,2,3,7,7,9,0.140625,-1,100,-10
28,3,0,7,7,11,0.140625,-1,100,-10
29,4,1,7,7,9,0.140625,-1,100,-10
30,5,5,7,7,4,0.140625,-1,100,-10
31,7,5,7,7,2,0.140625,-1,100,-10
32,2,7,7,7,5,0.140625,-1,100,-10
33,3,2,7,7,9,0.140625,-1,100,-10
34,7,2,7,7,5,0.140625,-1,100,-10
35,0,3,7,7,11,0.140625,-1,100,-10
36,6,1,7,7,7,0.140625,-1,100,-10
37,3,1,7,7,10,0.140625,-1,100,-10
38,5,3,7,7,6,0.140625,-1,100,-10
39,2,1,7,7,11,0.140625,-1,100,-10
40,4,5,7,7,5,0.140625,-1,100,-10
41,7,3,7,7,4,0.140625,-1,100,-10
42,1,6,7,7,7,0.140625,-1,100,-10
43,5,5,7,7,4,0.140625,-1,100,-10
44,0,2,7,7,12,0.140625,-1,100,-10
45,6,6,7,7,2,0.140625,-1,100,-10
46,3,6,7,7,5,0.140625,-1,100,-10
47,6,3,7,7,5,0.140625,-1,100,-10
48,7,2,7,7,5,0.140625,-1,100,-10
49,1,5,7,7,8,0.140625,-1,100,-10
50,5,1,7,7,8,0.140625,-1,100,-10
51,6,1,7,7,7,0.140625,-1,100,-10
52,6,0,7,7,8,0.140625,-1,100,-10
53,6,6,7,7,2,0.140625,-1,100,-10
54,6,5,7,7,3,0.140625,-1,100,-10
55,3,5,7,7,6,0.140625,-1,100,-10
56,2,6,7,7,6,0.140625,-1,100,-10
57,4,3,7,7,7,0.140625,-1,100,-10
58,4,4,7,7,6,0.140625,-1,100,-10
59,0,1,7,7,13,0.140625,-1,100,-10
60,1,0,7,7,13,0.140625,-1,100,-10
61,3,5,7,7,6,0.140625,-1,100,-10
62,5,3,7,7,6,0.140625,-1,100,-10
63,6,4,7,7,4,0.140625,-1,100,-10
64,0,6,7,7,8,0.140625,-1,100,-10
65,4,5,7,7,5,0.140625,-1,100,-10
66,4,4,7,7,6,0.140625,-1,100,-10
67,0,4,7,7,10,0.140625,-1,100,-10
68,6,2,7,7,6,0.140625,-1,100,-10
69,4,0,7,7,10,0.140625,-1,100,-10
70,2,3,7,7,9,0.140625,-1,100,-10
71,7,1,7,7,6,0.140625,-1,100,-10
72,2,3,7,7,9,0.140625,-1,100,-10
73,7,6,7,7,1,0.140625,-1,100,-10
74,0,1,7,7,13,0.140625,-1,100,-10
75,6,0,7,7,8,0.140625,-1,100,-10
76,6,2,7,7,6,0.140625,-1,100,-10
77,7,2,7,7,5,0.140625,-1,100,-10
78,3,5,7,7,6,0.140625,-1,100,-10
79,1,4,7,7,9,0.140625,-1,100,-10
80,4,6,7,7,4,0.140625,-1,100,-10
81,7,5,7,7,2,0.140625,-1,100,-10
82,3,3,7,7,8,0.140625,-1,100,-10
83,3,6,7,7,5,0.140625,-1,100,-10
84,2,1,7,7,11,0.140625,-1,100,-10
85,2,0,7,7,12,0.140625,-1,100,-10
86,0,0,7,7,14,0.140625,-1,100,-10
87,6,5,7,7,3,0.140625,-1,100,-10
88,5,3,7,7,6,0.140625,-1,100,-10
89,5,1,7,7,8,0.140625,-1,100,-10
90,7,4,7,7,3,0.140625,-1,100,-10
91,7,1,7,7,6,0.140625,-1,100,-10
92,3,5,7,7,6,0.140625,-1,100,-10
93,3,3,7,7,8,0.140625,-1,100,-10
94,1,3,7,7,10,0.140625,-1,100,-10
95,1,2,7,7,11,0.140625,-1,100,-10
96,5,5,7,7,4,0.140625,-1,100,-10
97,4,2,7,7,8,0.140625,-1,100,-10
98,7,0,7,7,7,0.140625,-1,100,-10
99,2,0,7,7,12,0.140625,-1,100,-10
100,2,7,7,7,5,0.140625,-1,100,-10
101,2,7,7,7,5,0.140625,-1,100,-10
102,3,5,7,7,6,0.140625,-1,100,-10
103,3,2,7,7,9,0.140625,-1,100,-10
104,6,7,7,7,1,0.140625,-1,100,-10
105,2,6,7,7,6,0.140625,-1,100,-10
106,2,5,7,7,7,0.140625,-1,100,-10
107,6,3,7,7,5,0.140625,-1,100,-10
108,5,2,7,7,7,0.140625,-1,100,-10
109,0,0,7,7,14,0.140625,-1,100,-10
110,3,7,7,7,4,0.140625,-1,100,-10
111,1,3,7,7,10,0.140625,-1,100,-10
112,5,1,7,7,8,0.140625,-1,100,-10
113,5,2,7,7,7,0.140625,-1,100,-10
114,6,4,7,7,4,0.140625,-1,100,-10
115,4,1,7,7,9,0.140625,-1,100,-10
116,3,6,7,7,5,0.140625,-1,100,-10
117,0,6,7,7,8,0.140625,-1,100,-10
118,3,5,7,7,6,0.140625,-1,100,-10
119,5,3,7,7,6,0.140625,-1,100,-10
120,2,5,7,7,7,0.140625,-1,100,-10
121,1,4,7,7,9,0.140625,-1,100,-10
122,0,5,7,7,9,0.140625,-1,100,-10
123,5,0,7,7,9,0.140625,-1,100,-10
124,6,3,7,7,5,0.140625,-1,100,-10
125,6,0,7,7,8,0.140625,-1,100,-10
126,1,3,7,7,10,0.140625,-1,100,-10
127,1,2,7,7,11,0.140625,-1,100,-10
128,5,1,7,7,8,0.140625,-1,100,-10
129,5,0,7,7,9,0.140625,-1,100,-10
130,1,4,7,7,9,0.140625,-1,100,-10
131,6,1,7,7,7,0.140625,-1,100,-10
132,2,7,7,7,5,0.140625,-1,100,-10
133,7,4,7,7,3,0.140625,-1,100,-10
134,3,2,7,7,9,0.140625,-1,100,-10
135,4,4,7,7,6,0.140625,-1,100,-10
136,2,0,7,7,12,0.140625,-1,100,-10
137,1,7,7,7,6,0.140625,-1,100,-10
138,3,3,7,7,8,0.140625,-1,100,-10
139,3,6,7,7,5,0.140625,-1,100,-10
140,0,0,7,7,14,0.140625,-1,100,-10
141,2,3,7,7,9,0.140625,-1,100,-10
142,5,3,7,7,6,0.140625,-1,100,-10
143,3,7,7,7,4,0.140625,-1,100,-10
144,1,4,7,7,9,0.140625,-1,100,-10
145,4,3,7,7,7,0.140625,-1,100,-10
146,6,2,7,7,6,0.140625,-1,100,-10
147,7,2,7,7,5,0.140625,-1,100,-10
148,4,4,7,7,6,0.140625,-1,100,-10
149,6,3,7,7,5,0.140625,-1,100,-10
150,2,0,7,7,12,0.140625,-1,100,-10
151,2,6,7,7,6,0.140625,-1,100,-10
152,0,7,7,7,7,0.140625,-1,100,-10
153,4,1,7,7,9,0.140625,-1,100,-10
154,2,4,7,7,8,0.140625,-1,100,-10
155,2,0,7,7,12,0.140625,-1,100,-10
156,5,5,7,7,4,0.140625,-1,100,-10
157,0,2,7,7,12,0.140625,-1,100,-10
158,1,5,7,7,8,0.140625,-1,100,-10
159,5,5,7,7,4,0.140625,-1,100,-10
160,7,6,7,7,1,0.140625,-1,100,-10
161,2,0,7,7,12,0.140625,-1,100,-10
162,4,7,7,7,3,0.140625,-1,100,-10
163,7,1,7,7,6,0.140625,-1,100,-10
164,1,0,7,7,13,0.140625,-1,100,-10
165,1,4,7,7,9,0.140625,-1,100,-10
166,4,2,7,7,8,0.140625,-1,100,-10
167,2,6,7,7,6,0.140625,-1,100,-10
168,3,6,7,7,5,0.140625,-1,100,-10
169,7,2,7,7,5,0.140625,-1,100,-10
170,1,7,7,7,6,0.140625,-1,100,-10
171,5,2,7,7,7,0.140625,-1,100,-10
172,4,4,7,7,6,0.140625,-1,100,-10
173,7,2,7,7,5,0.140625,-1,100,-10
174,7,7,7,7,0,0.140625,-1,100,-10
175,1,1,7,7,12,0.140625,-1,100,-10
176,4,0,7,7,10,0.140625,-1,100,-10
177,2,3,7,7,9,0.140625,-1,100,-10
178,7,7,7,7,0,0.140625,-1,100,-10
179,1,7,7,7,6,0.140625,-1,100,-10
180,0,5,7,7,9,0.140625,-1,100,-10
181,6,7,7,7,1,0.140625,-1,100,-10
182,1,7,7,7,6,0.140625,-1,100,-10
183,0,4,7,7,10,0.140625,-1,100,-10
184,3,2,7,7,9,0.140625,-1,100,-10
185,0,6,7,7,8,0.140625,-1,100,-10
186,2,5,7,7,7,0.140625,-1,100,-10
187,3,2,7,7,9,0.140625,-1,100,-10
188,7,0,7,7,7,0.140625,-1,100,-10
189,5,5,7,7,4,0.140625,-1,100,-10
190,3,2,7,7,9,0.140625,-1,100,-10
191,0,7,7,7,7,0.140625,-1,100,-10
192,7,1,7,7,6,0.140625,-1,100,-10
193,0,0,7,7,14,0.140625,-1,100,-10
194,0,6,7,7,8,0.140625,-1,100,-10
195,7,1,7,7,6,0.140625,-1,100,-10
196,5,1,7,7,8,0.140625,-1,100,-10
197,2,4,7,7,8,0.140625,-1,100,-10
198,5,6,7,7,3,0.140625,-1,100,-10
199,0,1,7,7,13,0.140625,-1,100,-10
200,2,2,7,7,10,0.140625,-1,100,-10
201,7,6,7,7,1,0.140625,-1,100,-10
202,2,7,7,7,5,0.140625,-1,100,-10
203,3,4,7,7,7,0.140625,-1,100,-10
204,3,1,7,7,10,0.140625,-1,100,-10
205,7,0,7,7,7,0.140625,-1,100,-10
206,1,1,7,7,12,0.140625,-1,100,-10
207,2,1,7,7,11,0.140625,-1,100,-10
208,0,5,7,7,9,0.140625,-1,100,-10
209,7,0,7,7,7,0.140625,-1,100,-10
210,2,4,7,7,8,0.140625,-1,100,-10
211,7,5,7,7,2,0.140625,-1,100,-10
212,6,4,7,7,4,0.140625,-1,100,-10
213,3,1,7,7,10,0.140625,-1,100,-10
214,6,6,7,7,2,0.140625,-1,100,-10
215,0,5,7,7,9,0.140625,-1,100,-10
216,0,5,7,7,9,0.140625,-1,100,-10
217,6,1,7,7,7,0.140625,-1,100,-10
218,3,0,7,7,11,0.140625,-1,100,-10
219,4,7,7,7,3,0.140625,-1,100,-10
220,0,3,7,7,11,0.140625,-1,100,-10
221,7,2,7,7,5,0.140625,-1,100,-10
222,1,3,7,7,10,0.140625,-1,100,-10
223,4,5,7,7,5,0.140625,-1,100,-10
224,2,7,7,7,5,0.140625,-1,100,-10
225,4,2,7,7,8,0.140625,-1,100,-10
226,7,7,7,7,0,0.140625,-1,100,-10
227,3,0,7,7,11,0.140625,-1,100,-10
228,4,4,7,7,6,0.140625,-1,100,-10
229,1,5,7,7,8,0.140625,-1,100,-10
230,6,0,7,7,8,0.140625,-1,100,-10
231,5,1,7,7,8,0.140625,-1,100,-10
232,5,3,7,7,6,0.140625,-1,100,-10
233,0,7,7,7,7,0.140625,-1,100,-10
234,1,4,7,7,9,0.140625,-1,100,-10
235,1,7,7,7,6,0.140625,-1,100,-10
236,5,6,7,7,3,0.140625,-1,100,-10
237,3,3,7,7,8,0.140625,-1,100,-10
238,5,6,7,7,3,0.140625,-1,100,-10
239,6,0,7,7,8,0.140625,-1,100,-10
240,5,0,7,7,9,0.140625,-1,100,-10
241,2,6,7,7,6,0.140625,-1,100,-10
242,2,6,7,7,6,0.140625,-1,100,-10
243,3,1,7,7,10,0.140625,-1,100,-10
244,2,4,7,7,8,0.140625,-1,100,-10
245,6,4,7,7,4,0.140625,-1,100,-10
246,7,6,7,7,1,0.140625,-1,100,-10
247,6,4,7,7,4,0.140625,-1,100,-10
248,2,3,7,7,9,0.140625,-1,100,-10
249,0,2,7,7,12,0.140625,-1,100,-10
250,7,3,7,7,4,0.140625,-1,100,-10
251,0,5,7,7,9,0.140625,-1,100,-10
252,7,6,7,7,1,0.140625,-1,100,-10
253,2,3,7,7,9,0.140625,-1,100,-10
254,4,1,7,7,9,0.140625,-1,100,-10
255,2,1,7,7,11,0.140625,-1,100,-10
256,7,5,7,7,2,0.140625,-1,100,-10
257,6,6,7,7,2,0.140625,-1,100,-10
258,7,0,7,7,7,0.140625,-1,100,-10
259,7,0,7,7,7,0.140625,-1,100,-10
260,3,4,7,7,7,0.140625,-1,100,-10
261,2,1,7,7,11,0.140625,-1,100,-10
262,1,6,7,7,7,0.140625,-1,100,-10
263,2,2,7,7,10,0.140625,-1,100,-10
264,7,1,7,7,6,0.140625,-1,100,-10
265,7,7,7,7,0,0.140625,-1,100,-10
266,4,1,7,7,9,0.140625,-1,100,-10
267,1,2,7,7,11,0.140625,-1,100,-10
268,4,1,7,7,9,0.140625,-1,100,-10
269,3,0,7,7,11,0.140625,-1,100,-10
270,4,0,7,7,10,0.140625,-1,100,-10
271,5,0,7,7,9,0.140625,-1,100,-10
272,1,1,7,7,12,0.140625,-1,100,-10
273,6,0,7,7,8,0.140625,-1,100,-10
274,3,4,7,7,7,0.140625,-1,100,-10
275,4,5,7,7,5,0.140625,-1,100,-10
276,6,3,7,7,5,0.140625,-1,100,-10
277,6,2,7,7,6,0.140625,-1,100,-10
278,7,4,7,7,3,0.140625,-1,100,-10
279,5,7,7,7,2,0.140625,-1,100,-10
280,6,6,7,7,2,0.140625,-1,100,-10
281,4,0,7,7,10,0.140625,-1,100,-10
282,3,1,7,7,10,0.140625,-1,100,-10
283,7,1,7,7,6,0.140625,-1,100,-10
284,1,1,7,7,12,0.140625,-1,100,-10
285,5,4,7,7,5,0.140625,-1,100,-10
286,7,3,7,7,4,0.140625,-1,100,-10
287,2,0,7,7,12,0.140625,-1,100,-10
288,0,2,7,7,12,0.140625,-1,100,-10
289,7,4,7,7,3,0.140625,-1,100,-10
290,7,0,7,7,7,0.140625,-1,100,-10
291,0,6,7,7,8,0.140625,-1,100,-10
292,0,0,7,7,14,0.140625,-1,100,-10
293,3,7,7,7,4,0.140625,-1,100,-10
294,5,0,7,7,9,0.140625,-1,100,-10
295,6,6,7,7,2,0.140625,-1,100,-10
296,6,7,7,7,1,0.140625,-1,100,-10
297,1,7,7,7,6,0.140625,-1,100,-10
298,2,6,7,7,6,0.140625,-1,100,-10
299,4,6,7,7,4,0.140625,-1,100,-10
300,5,5,7,7,4,0.140625,-1,100,-10
301,4,6,7,7,4,0.140625,-1,100,-10
302,5,1,7,7,8,0.140625,-1,100,-10
303,6,4,7,7,4,0.140625,-1,100,-10
304,2,4,7,7,8,0.140625,-1,100,-10
305,7,6,7,7,1,0.140625,-1,100,-10
306,6,3,7,7,5,0.140625,-1,100,-10
307,6,3,7,7,5,0.140625,-1,100,-10
308,5,5,7,7,4,0.140625,-1,100,-10
309,1,2,7,7,11,0.140625,-1,100,-10
310,0,1,7,7,13,0.140625,-1,100,-10
311,3,3,7,7,8,0.140625,-1,100,-10
312,1,3,7,7,10,0.140625,-1,100,-10
313,4,1,7,7,9,0.140625,-1,100,-10
314,2,2,7,7,10,0.140625,-1,100,-10
315,4,2,7,7,8,0.140625,-1,100,-10
316,5,2,7,7,7,0.140625,-1,100,-10
317,3,3,7,7,8,0.140625,-1,100,-10
318,1,5,7,7,8,0.140625,-1,100,-10
319,1,2,7,7,11,0.140625,-1,100,-10
320,6,7,7,7,1,0.140625,-1,100,-10
321,5,7,7,7,2,0.140625,-1,100,-10
322,6,3,7,7,5,0.140625,-1,100,-10
323,6,2,7,7,6,0.140625,-1,100,-10
324,3,4,7,7,7,0.140625,-1,100,-10
325,7,6,7,7,1,0.140625,-1,100,-10
326,3,5,7,7,6,0.140625,-1,100,-10
327,1,6,7,7,7,0.140625,-1,100,-10
328,4,4,7,7,6,0.140625,-1,100,-10
329,6,5,7,7,3,0.140625,-1,100,-10
330,0,2,7,7,12,0.140625,-1,100,-10
331,1,5,7,7,8,0.140625,-1,100,-10
332,0,1,7,7,13,0.140625,-1,100,-10
333,4,5,7,7,5,0.140625,-1,100,-10
334,4,6,7,7,4,0.140625,-1,100,-10
335,7,1,7,7,6,0.140625,-1,100,-10
336,7,4,7,7,3,0.140625,-1,100,-10
337,5,0,7,7,9,0.140625,-1,100,-10
338,4,5,7,7,5,0.140625,-1,100,-10
339,4,0,7,7,10,0.140625,-1,100,-10
340,4,7,7,7,3,0.140625,-1,100,-10
341,5,1,7,7,8,0.140625,-1,100,-10
342,7,7,7,7,0,0.140625,-1,100,-10
343,1,6,7,7,7,0.140625,-1,100,-10
344,3,4,7,7,7,0.140625,-1,100,-10
345,3,6,7,7,5,0.140625,-1,100,-10
346,7,6,7,7,1,0.140625,-1,100,-10
347,7,7,7,7,0,0.140625,-1,100,-10
348,0,2,7,7,12,0.140625,-1,100,-10
349,5,4,7,7,5,0.140625,-1,100,-10
350,0,0,7,7,14,0.140625,-1,100,-10
351,4,4,7,7,6,0.140625,-1,100,-10
352,1,1,7,7,12,0.140625,-1,100,-10
353,1,4,7,7,9,0.140625,-1,100,-10
354,0,4,7,7,10,0.140625,-1,100,-10
355,3,3,7,7,8,0.140625,-1,100,-10
356,5,4,7,7,5,0.140625,-1,100,-10
357,5,6,7,7,3,0.140625,-1,100,-10
358,7,6,7,7,1,0.140625,-1,100,-10
359,4,3,7,7,7,0.140625,-1,100,-10
360,1,4,7,7,9,0.140625,-1,100,-10
361,1,7,7,7,6,0.140625,-1,100,-10
362,6,0,7,7,8,0.140625,-1,100,-10
363,6,0,7,7,8,0.140625,-1,100,-10
364,5,0,7,7,9,0.140625,-1,100,-10
365,3,5,7,7,6,0.140625,-1,100,-10
366,5,3,7,7,6,0.140625,-1,100,-10
367,7,6,7,7,1,0.140625,-1,100,-10
368,1,5,7,7,8,0.140625,-1,100,-10
369,5,2,7,7,7,0.140625,-1,100,-10
370,5,7,7,7,2,0.140625,-1,100,-10
371,6,6,7,7,2,0.140625,-1,100,-10
372,5,2,7,7,7,0.140625,-1,100,-10
373,6,2,7,7,6,0.140625,-1,100,-10
374,4,2,7,7,8,0.140625,-1,100,-10
375,2,1,7,7,11,0.140625,-1,100,-10
376,7,1,7,7,6,0.140625,-1,100,-10
377,0,7,7,7,7,0.140625,-1,100,-10
378,4,3,7,7,7,0.140625,-1,100,-10
379,5,3,7,7,6,0.140625,-1,100,-10
380,1,5,7,7,8,0.140625,-1,100,-10
381,1,4,7,7,9,0.140625,-1,100,-10
382,7,7,7,7,0,0.140625,-1,100,-10
383,2,6,7,7,6,0.140625,-1,100,-10
384,4,3,7,7,7,0.140625,-1,100,-10
385,1,3,7,7,10,0.140625,-1,100,-10
386,5,7,7,7,2,0.140625,-1,100,-10
387,0,5,7,7,9,0.140625,-1,100,-10
388,6,7,7,7,1,0.140625,-1,100,-10
389,3,0,7,7,11,0.140625,-1,100,-10
390,2,6,7,7,6,0.140625,-1,100,-10
391,7,5,7,7,2,0.140625,-1,100,-10
392,0,0,7,7,14,0.140625,-1,100,-10
393,3,4,7,7,7,0.140625,-1,100,-10
394,0,5,7,7,9,0.140625,-1,100,-10
395,4,0,7,7,10,0.140625,-1,100,-10
396,0,3,7,7,11,0.140625,-1,100,-10
397,5,6,7,7,3,0.140625,-1,100,-10
398,3,2,7,7,9,0.140625,-1,100,-10
399,7,3,7,7,4,0.140625,-1,100,-10
400,2,3,7,7,9,0.140625,-1,100,-10
401,0,2,7,7,12,0.140625,-1,100,-10
402,4,7,7,7,3,0.140625,-1,100,-10
403,5,6,7,7,3,0.140625,-1,100,-10
404,4,0,7,7,10,0.140625,-1,100,-10
405,3,7,7,7,4,0.140625,-1,100,-10
406,0,7,7,7,7,0.140625,-1,100,-10
407,5,2,7,7,7,0.140625,-1,100,-10
408,6,6,7,7,2,0.140625,-1,100,-10
409,0,0,7,7,14,0.140625,-1,100,-10
410,5,7,7,7,2,0.140625,-1,100,-10
411,0,5,7,7,9,0.140625,-1,100,-10
412,1,5,7,7,8,0.140625,-1,100,-10
413,4,0,7,7,10,0.140625,-1,100,-10
414,5,7,7,7,2,0.140625,-1,100,-10
415,6,0,7,7,8,0.140625,-1,100,-10
416,1,1,7,7,12,0.140625,-1,100,-10
417,3,1,7,7,10,0.140625,-1,100,-10
418,6,6,7,7,2,0.140625,-1,100,-10
419,6,1,7,7,7,0.140625,-1,100,-10
420,0,7,7,7,7,0.140625,-1,100,-10
421,2,5,7,7,7,0.140625,-1,100,-10
422,7,0,7,7,7,0.140625,-1,100,-10
423,0,0,7,7,14,0.140625,-1,100,-10
424,1,0,7,7,13,0.140625,-1,100,-10
425,6,4,7,7,4,0.140625,-1,100,-10
426,7,6,7,7,1,0.140625,-1,100,-10
427,7,1,7,7,6,0.140625,-1,100,-10
428,2,6,7,7,6,0.140625,-1,100,-10
429,1,0,7,7,13,0.140625,-1,100,-10
430,5,6,7,7,3,0.140625,-1,100,-10
431,7,7,7,7,0,0.140625,-1,100,-10
432,0,6,7,7,8,0.140625,-1,100,-10
433,6,5,7,7,3,0.140625,-1,100,-10
434,6,6,7,7,2,0.140625,-1,100,-10
435,3,0,7,7,11,0.140625,-1,100,-10
436,3,1,7,7,10,0.140625,-1,100,-10
437,0,0,7,7,14,0.140625,-1,100,-10
438,5,4,7,7,5,0.140625,-1,100,-10
439,4,5,7,7,5,0.140625,-1,100,-10
440,4,5,7,7,5,0.140625,-1,100,-10
441,0,6,7,7,8,0.140625,-1,100,-10
442,3,1,7,7,10,0.140625,-1,100,-10
443,6,5,7,7,3,0.140625,-1,100,-10
444,0,1,7,7,13,0.140625,-1,100,-10
445,0,2,7,7,12,0.140625,-1,100,-10
446,0,5,7,7,9,0.140625,-1,100,-10
447,4,7,7,7,3,0.140625,-1,100,-10
448,5,4,7,7,5,0.140625,-1,100,-10
449,4,0,7,7,10,0.140625,-1,100,-10
450,0,4,7,7,10,0.140625,-1,100,-10
451,0,0,7,7,14,0.140625,-1,100,-10
452,1,7,7,7,6,0.140625,-1,100,-10
453,3,5,7,7,6,0.140625,-1,100,-10
454,3,1,7,7,10,0.140625,-1,100,-10
455,2,0,7,7,12,0.140625,-1,100,-10
456,6,1,7,7,7,0.140625,-1,100,-10
457,3,7,7,7,4,0.140625,-1,100,-10
458,4,3,7,7,7,0.140625,-1,100,-10
459,4,6,7,7,4,0.140625,-1,100,-10
460,2,5,7,7,7,0.140625,-1,100,-10
461,6,4,7,7,4,0.140625,-1,100,-10
462,3,1,7,7,10,0.140625,-1,100,-10
463,1,7,7,7,6,0.140625,-1,100,-10
464,4,2,7,7,8,0.140625,-1,100,-10
465,3,4,7,7,7,0.140625,-1,100,-10
466,4,5,7,7,5,0.140625,-1,100,-10
467,2,5,7,7,7,0.140625,-1,100,-10
468,3,7,7,7,4,0.140625,-1,100,-10
469,1,1,7,7,12,0.140625,-1,100,-10
470,3,4,7,7,7,0.140625,-1,100,-10
471,5,3,7,7,6,0.140625,-1,100,-10
472,7,3,7,7,4,0.140625,-1,100,-10
473,1,0,7,7,13,0.140625,-1,100,-10
474,7,1,7,7,6,0.140625,-1,100,-10
475,7,2,7,7,5,0.140625,-1,100,-10
476,0,2,7,7,12,0.140625,-1,100,-10
477,4,3,7,7,7,0.140625,-1,100,-10
478,6,4,7,7,4,0.140625,-1,100,-10
479,3,5,7,7,6,0.140625,-1,100,-10
480,7,3,7,7,4,0.140625,-1,100,-10
481,1,3,7,7,10,0.140625,-1,100,-10
482,6,1,7,7,7,0.140625,-1,100,-10
483,7,4,7,7,3,0.140625,-1,100,-10
484,4,2,7,7,8,0.140625,-1,100,-10
485,7,0,7,7,7,0.140625,-1,100,-10
486,2,3,7,7,9,0.140625,-1,100,-10
487,3,3,7,7,8,0.140625,-1,100,-10
488,1,1,7,7,12,0.140625,-1,100,-10
489,0,4,7,7,10,0.140625,-1,100,-10
490,2,4,7,7,8,0.140625,-1,100,-10
491,4,5,7,7,5,0.140625,-1,100,-10
492,4,5,7,7,5,0.140625,-1,100,-10
493,4,5,7,7,5,0.140625,-1,100,-10
494,4,2,7,7,8,0.140625,-1,100,-10
495,1,6,7,7,7,0.140625,-1,100,-10
496,2,4,7,7,8,0.140625,-1,100,-10
497,1,3,7,7,10,0.140625,-1,100,-10
498,4,5,7,7,5,0.140625,-1,100,-10
499,4,2,7,7,8,0.140625,-1,100,-10
500,7,4,7,7,3,0.140625,-1,100,-10
501,6,5,7,7,3,0.140625,-1,100,-10
502,4,7,7,7,3,0.140625,-1,100,-10
503,1,7,7,7,6,0.140625,-1,100,-10
504,6,4,7,7,4,0.140625,-1,100,-10
505,5,4,7,7,5,0.140625,-1,100,-10
506,2,6,7,7,6,0.140625,-1,100,-10
507,1,2,7,7,11,0.140625,-1,100,-10
508,4,6,7,7,4,0.140625,-1,100,-10
509,3,3,7,7,8,0.140625,-1,100,-10
510,0,0,7,7,14,0.140625,-1,100,-10
511,0,0,7,7,14,0.140625,-1,100,-10
512,6,6,7,7,2,0.140625,-1,100,-10
513,6,0,7,7,8,0.140625,-1,100,-10
514,0,2,7,7,12,0.140625,-1,100,-10
515,4,2,7,7,8,0.140625,-1,100,-10
516,3,1,7,7,10,0.140625,-1,100,-10
517,5,2,7,7,7,0.140625,-1,100,-10
518,0,5,7,7,9,0.140625,-1,100,-10
519,7,0,7,7,7,0.140625,-1,100,-10
520,3,6,7,7,5,0.140625,-1,100,-10
521,5,6,7,7,3,0.140625,-1,100,-10
522,3,2,7,7,9,0.140625,-1,100,-10
523,5,1,7,7,8,0.140625,-1,100,-10
524,1,4,7,7,9,0.140625,-1,100,-10
525,5,0,7,7,9,0.140625,-1,100,-10
526,4,2,7,7,8,0.140625,-1,100,-10
527,4,7,7,7,3,0.140625,-1,100,-10
528,0,7,7,7,7,0.140625,-1,100,-10
529,3,6,7,7,5,0.140625,-1,100,-10
530,3,2,7,7,9,0.140625,-1,100,-10
531,6,5,7,7,3,0.140625,-1,100,-10
532,1,5,7,7,8,0.140625,-1,100,-10
533,6,3,7,7,5,0.140625,-1,100,-10
534,7,5,7,7,2,0.140625,-1,100,-10
535,2,0,7,7,12,0.140625,-1,100,-10
536,5,1,7,7,8,0.140625,-1,100,-10
537,6,4,7,7,4,0.140625,-1,100,-10
538,3,1,7,7,10,0.140625,-1,100,-10
539,5,1,7,7,8,0.140625,-1,100,-10
540,3,6,7,7,5,0.140625,-1,100,-10
541,7,7,7,7,0,0.140625,-1,100,-10
542,7,4,7,7,3,0.140625,-1,100,-10
543,1,6,7,7,7,0.140625,-1,100,-10
544,6,7,7,7,1,0.140625,-1,100,-10
545,5,1,7,7,8,0.140625,-1,100,-10
546,4,3,7,7,7,0.140625,-1,100,-10
547,6,3,7,7,5,0.140625,-1,100,-10
548,2,0,7,7,12,0.140625,-1,100,-10
549,6,6,7,7,2,0.140625,-1,100,-10
550,0,3,7,7,11,0.140625,-1,100,-10
551,3,3,7,7,8,0.140625,-1,100,-10
552,7,1,7,7,6,0.140625,-1,100,-10
553,2,1,7,7,11,0.140625,-1,100,-10
554,1,7,7,7,6,0.140625,-1,100,-10
555,7,0,7,7,7,0.140625,-1,100,-10
556,5,1,7,7,8,0.140625,-1,100,-10
557,1,2,7,7,11,0.140625,-1,100,-10
558,1,3,7,7,10,0.140625,-1,100,-10
559,7,4,7,7,3,0.140625,-1,100,-10
560,5,3,7,7,6,0.140625,-1,100,-10
561,0,0,7,7,14,0.140625,-1,100,-10
562,2,1,7,7,11,0.140625,-1,100,-10
563,6,6,7,7,2,0.140625,-1,100,-10
564,6,5,7,7,3,0.140625,-1,100,-10
565,4,5,7,7,5,0.140625,-1,100,-10
566,3,5,7,7,6,0.140625,-1,100,-10
567,6,6,7,7,2,0.140625,-1,100,-10
568,4,0,7,7,10,0.140625,-1,100,-10
569,5,2,7,7,7,0.140625,-1,100,-10
570,5,4,7,7,5,0.140625,-1,100,-10
571,7,2,7,7,5,0.140625,-1,100,-10
572,7,6,7,7,1,0.140625,-1,100,-10
573,2,3,7,7,9,0.140625,-1,100,-10
574,4,6,7,7,4,0.140625,-1,100,-10
575,5,6,7,7,3,0.140625,-1,100,-10
576,2,4,7,7,8,0.140625,-1,100,-10
577,3,7,7,7,4,0.140625,-1,100,-10
578,2,4,7,7,8,0.140625,-1,100,-10
579,0,6,7,7,8,0.140625,-1,100,-10
580,3,2,7,7,9,0.140625,-1,100,-10
581,4,3,7,7,7,0.140625,-1,100,-10
582,6,4,7,7,4,0.140625,-1,100,-10
583,4,0,7,7,10,0.140625,-1,100,-10
584,0,3,7,7,11,0.140625,-1,100,-10
585,7,7,7,7,0,0.140625,-1,100,-10
586,5,5,7,7,4,0.140625,-1,100,-10
587,3,1,7,7,10,0.140625,-1,100,-10
588,0,2,7,7,12,0.140625,-1,100,-10
589,2,1,7,7,11,0.140625,-1,100,-10
590,2,0,7,7,12,0.140625,-1,100,-10
591,4,7,7,7,3,0.140625,-1,100,-10
592,5,3,7,7,6,0.140625,-1,100,-10
593,3,2,7,7,9,0.140625,-1,100,-10
594,1,4,7,7,9,0.140625,-1,100,-10
595,4,0,7,7,10,0.140625,-1,100,-10
596,3,2,7,7,9,0.140625,-1,100,-10
597,1,5,7,7,8,0.140625,-1,100,-10
598,4,5,7,7,5,0.140625,-1,100,-10
599,5,7,7,7,2,0.140625,-1,100,-10
600,6,4,7,7,4,0.140625,-1,100,-10
601,7,3,7,7,4,0.140625,-1,100,-10
602,7,6,7,7,1,0.140625,-1,100,-10
603,5,7,7,7,2,0.140625,-1,100,-10
604,4,5,7,7,5,0.140625,-1,100,-10
605,2,7,7,7,5,0.140625,-1,100,-10
606,4,6,7,7,4,0.140625,-1,100,-10
607,3,6,7,7,5,0.140625,-1,100,-10
608,0,0,7,7,14,0.140625,-1,100,-10
609,4,5,7,7,5,0.140625,-1,100,-10
610,6,3,7,7,5,0.140625,-1,100,-10
611,5,4,7,7,5,0.140625,-1,100,-10
612,7,5,7,7,2,0.140625,-1,100,-10
613,3,7,7,7,4,0.140625,-1,100,-10
614,0,7,7,7,7,0.140625,-1,100,-10
615,1,2,7,7,11,0.140625,-1,100,-10
616,6,5,7,7,3,0.140625,-1,100,-10
617,7,5,7,7,2,0.140625,-1,100,-10
618,5,2,7,7,7,0.140625,-1,100,-10
619,0,0,7,7,14,0.140625,-1,100,-10
620,2,0,7,7,12,0.140625,-1,100,-10
621,4,6,7,7,4,0.140625,-1,100,-10
622,7,3,7,7,4,0.140625,-1,100,-10
623,7,7,7,7,0,0.140625,-1,100,-10
624,6,3,7,7,5,0.140625,-1,100,-10
625,2,7,7,7,5,0.140625,-1,100,-10
626,1,3,7,7,10,0.140625,-1,100,-10
627,0,6,7,7,8,0.140625,-1,100,-10
628,5,0,7,7,9,0.140625,-1,100,-10
629,1,4,7,7,9,0.140625,-1,100,-10
630,4,6,7,7,4,0.140625,-1,100,-10
631,2,7,7,7,5,0.140625,-1,100,-10
632,3,6,7,7,5,0.140625,-1,100,-10
633,1,0,7,7,13,0.140625,-1,100,-10
634,0,2,7,7,12,0.140625,-1,100,-10
635,7,0,7,7,7,0.140625,-1,100,-10
636,2,0,7,7,12,0.140625,-1,100,-10
637,7,5,7,7,2,0.140625,-1,100,-10
638,6,5,7,7,3,0.140625,-1,100,-10
639,5,6,7,7,3,0.140625,-1,100,-10
640,0,6,7,7,8,0.140625,-1,100,-10
641,5,5,7,7,4,0.140625,-1,100,-10
642,3,6,7,7,5,0.140625,-1,100,-10
643,3,0,7,7,11,0.140625,-1,100,-10
644,7,1,7,7,6,0.140625,-1,100,-10
645,0,4,7,7,10,0.140625,-1,100,-10
646,1,6,7,7,7,0.140625,-1,100,-10
647,3,0,7,7,11,0.140625,-1,100,-10
648,7,4,7,7,3,0.140625,-1,100,-10
649,2,5,7,7,7,0.140625,-1,100,-10
650,4,0,7,7,10,0.140625,-1,100,-10
651,6,3,7,7,5,0.140625,-1,100,-10
652,5,7,7,7,2,0.140625,-1,100,-10
653,4,5,7,7,5,0.140625,-1,100,-10
654,2,1,7,7,11,0.140625,-1,100,-10
655,3,6,7,7,5,0.140625,-1,100,-10
656,4,2,7,7,8,0.140625,-1,100,-10
657,6,6,7,7,2,0.140625,-1,100,-10
658,7,2,7,7,5,0.140625,-1,100,-10
659,5,4,7,7,5,0.140625,-1,100,-10
660,3,3,7,7,8,0.140625,-1,100,-10
661,0,2,7,7,12,0.140625,-1,100,-10
662,4,7,7,7,3,0.140625,-1,100,-10
663,6,1,7,7,7,0.140625,-1,100,-10
664,5,0,7,7,9,0.140625,-1,100,-10
665,5,2,7,7,7,0.140625,-1,100,-10
666,3,5,7,7,6,0.140625,-1,100,-10
667,3,6,7,7,5,0.140625,-1,100,-10
668,4,7,7,7,3,0.140625,-1,100,-10
669,5,2,7,7,7,0.140625,-1,100,-10
670,6,3,7,7,5,0.140625,-1,100,-10
671,4,1,7,7,9,0.140625,-1,100,-10
672,0,4,7,7,10,0.140625,-1,100,-10
673,1,7,7,7,6,0.140625,-1,100,-10
674,6,5,7,7,3,0.140625,-1,100,-10
675,5,4,7,7,5,0.140625,-1,100,-10
676,0,3,7,7,11,0.140625,-1,100,-10
677,3,7,7,7,4,0.140625,-1,100,-10
678,1,3,7,7,10,0.140625,-1,100,-10
679,2,1,7,7,11,0.140625,-1,100,-10
680,0,2,7,7,12,0.140625,-1,100,-10
681,0,0,7,7,14,0.140625,-1,100,-10
682,2,1,7,7,11,0.140625,-1,100,-10
683,4,0,7,7,10,0.140625,-1,100,-10
684,2,3,7,7,9,0.140625,-1,100,-10
685,7,5,7,7,2,0.140625,-1,100,-10
686,7,2,7,7,5,0.140625,-1,100,-10
687,3,3,7,7,8,0.140625,-1,100,-10
688,7,7,7,7,0,0.140625,-1,100,-10
689,7,6,7,7,1,0.140625,-1,100,-10
690,4,4,7,7,6,0.140625,-1,100,-10
691,7,2,7,7,5,0.140625,-1,100,-10
692,2,7,7,7,5,0.140625,-1,100,-10
693,3,1,7,7,10,0.140625,-1,100,-10
694,4,2,7,7,8,0.140625,-1,100,-10
695,7,7,7,7,0,0.140625,-1,100,-10
696,2,4,7,7,8,0.140625,-1,100,-10
697,7,5,7,7,2,0.140625,-1,100,-10
698,1,4,7,7,9,0.140625,-1,100,-10
699,4,5,7,7,5,0.140625,-1,100,-10
700,0,2,7,7,12,0.140625,-1,100,-10
701,6,1,7,7,7,0.140625,-1,100,-10
702,2,2,7,7,10,0.140625,-1,100,-10
703,1,1,7,7,12,0.140625,-1,100,-10
704,2,6,7,7,6,0.140625,-1,100,-10
705,0,2,7,7,12,0.140625,-1,100,-10
706,0,4,7,7,10,0.140625,-1,100,-10
707,2,6,7,7,6,0.140625,-1,100,-10
708,4,6,7,7,4,0.140625,-1,100,-10
709,5,3,7,7,6,0.140625,-1,100,-10
710,6,3,7,7,5,0.140625,-1,100,-10
711,7,7,7,7,0,0.140625,-1,100,-10
712,4,5,7,7,5,0.140625,-1,100,-10
713,2,6,7,7,6,0.140625,-1,100,-10
714,5,7,7,7,2,0.140625,-1,100,-10
715,2,6,7,7,6,0.140625,-1,100,-10
716,3,1,7,7,10,0.140625,-1,100,-10
717,1,4,7,7,9,0.140625,-1,100,-10
718,2,0,7,7,12,0.140625,-1,100,-10
719,3,5,7,7,6,0.140625,-1,100,-10
720,2,7,7,7,5,0.140625,-1,100,-10
721,6,4,7,7,4,0.140625,-1,100,-10
722,7,3,7,7,4,0.140625,-1,100,-10
723,1,0,7,7,13,0.140625,-1,100,-10
724,7,7,7,7,0,0.140625,-1,100,-10
725,5,0,7,7,9,0.140625,-1,100,-10
726,2,0,7,7,12,0.140625,-1,100,-10
727,0,1,7,7,13,0.140625,-1,100,-10
728,4,0,7,7,10,0.140625,-1,100,-10
729,7,3,7,7,4,0.140625,-1,100,-10
730,2,4,7,7,8,0.140625,-1,100,-10
731,6,2,7,7,6,0.140625,-1,100,-10
732,0,0,7,7,14,0.140625,-1,100,-10
733,6,0,7,7,8,0.140625,-1,100,-10
734,5,3,7,7,6,0.140625,-1,100,-10
735,6,0,7,7,8,0.140625,-1,100,-10
736,7,5,7,7,2,0.140625,-1,100,-10
737,3,1,7,7,10,0.140625,-1,100,-10
738,7,2,7,7,5,0.140625,-1,100,-10
739,3,3,7,7,8,0.140625,-1,100,-10
740,1,3,7,7,10,0.140625,-1,100,-10
741,1,0,7,7,13,0.140625,-1,100,-10
742,2,0,7,7,12,0.140625,-1,100,-10
743,3,6,7,7,5,0.140625,-1,100,-10
744,1,0,7,7,13,0.140625,-1,100,-10
745,0,4,7,7,10,0.140625,-1,100,-10
746,2,3,7,7,9,0.140625,-1,100,-10
747,0,2,7,7,12,0.140625,-1,100,-10
748,3,3,7,7,8,0.140625,-1,100,-10
749,4,6,7,7,4,0.140625,-1,100,-10
750,3,6,7,7,5,0.140625,-1,100,-10
751,4,2,7,7,8,0.140625,-1,100,-10
752,1,2,7,7,11,0.140625,-1,100,-10
753,4,1,7,7,9,0.140625,-1,100,-10
754,7,3,7,7,4,0.140625,-1,100,-10
755,6,5,7,7,3,0.140625,-1,100,-10
756,2,1,7,7,11,0.140625,-1,100,-10
757,5,2,7,7,7,0.140625,-1,100,-10
758,1,7,7,7,6,0.140625,-1,100,-10
759,3,0,7,7,11,0.140625,-1,100,-10
760,3,3,7,7,8,0.140625,-1,100,-10
761,6,5,7,7,3,0.140625,-1,100,-10
762,1,1,7,7,12,0.140625,-1,100,-10
763,4,0,7,7,10,0.140625,-1,100,-10
764,2,1,7,7,11,0.140625,-1,100,-10
765,0,7,7,7,7,0.140625,-1,100,-10
766,0,0,7,7,14,0.140625,-1,100,-10
767,7,1,7,7,6,0.140625,-1,100,-10
768,6,0,7,7,8,0.140625,-1,100,-10
769,1,0,7,7,13,0.140625,-1,100,-10
770,5,4,7,7,5,0.140625,-1,100,-10
771,3,1,7,7,10,0.140625,-1,100,-10
772,0,4,7,7,10,0.140625,-1,100,-10
773,1,4,7,7,9,0.140625,-1,100,-10
774,5,6,7,7,3,0.140625,-1,100,-10
775,3,0,7,7,11,0.140625,-1,100,-10
776,2,6,7,7,6,0.140625,-1,100,-10
777,4,4,7,7,6,0.140625,-1,100,-10
778,3,1,7,7,10,0.140625,-1,100,-10
779,7,6,7,7,1,0.140625,-1,100,-10
780,7,6,7,7,1,0.140625,-1,100,-10
781,2,2,7,7,10,0.140625,-1,100,-10
782,1,7,7,7,6,0.140625,-1,100,-10
783,4,3,7,7,7,0.140625,-1,100,-10
784,7,4,7,7,3,0.140625,-1,100,-10
785,7,7,7,7,0,0.140625,-1,100,-10
786,0,2,7,7,12,0.140625,-1,100,-10
787,5,6,7,7,3,0.140625,-1,100,-10
788,1,2,7,7,11,0.140625,-1,100,-10
789,4,6,7,7,4,0.140625,-1,100,-10
790,0,4,7,7,10,0.140625,-1,100,-10
791,2,1,7,7,11,0.140625,-1,100,-10
792,4,3,7,7,7,0.140625,-1,100,-10
793,5,2,7,7,7,0.140625,-1,100,-10
794,6,0,7,7,8,0.140625,-1,100,-10
795,6,0,7,7,8,0.140625,-1,100,-10
796,5,2,7,7,7,0.140625,-1,100,-10
797,3,0,7,7,11,0.140625,-1,100,-10
798,5,1,7,7,8,0.140625,-1,100,-10
799,5,5,7,7,4,0.140625,-1,100,-10
800,6,5,7,7,3,0.140625,-1,100,-10
801,2,5,7,7,7,0.140625,-1,100,-10
802,6,2,7,7,6,0.140625,-1,100,-10
803,0,7,7,7,7,0.140625,-1,100,-10
804,1,4,7,7,9,0.140625,-1,100,-10
805,1,1,7,7,12,0.140625,-1,100,-10
806,6,1,7,7,7,0.140625,-1,100,-10
807,5,5,7,7,4,0.140625,-1,100,-10
808,0,1,7,7,13,0.140625,-1,100,-10
809,6,4,7,7,4,0.140625,-1,100,-10
810,0,7,7,7,7,0.140625,-1,100,-10
811,2,0,7,7,12,0.140625,-1,100,-10
812,7,0,7,7,7,0.140625,-1,100,-10
813,4,7,7,7,3,0.140625,-1,100,-10
814,4,4,7,7,6,0.140625,-1,100,-10
815,3,1,7,7,10,0.140625,-1,100,-10
816,4,7,7,7,3,0.140625,-1,100,-10
817,0,7,7,7,7,0.140625,-1,100,-10
818,3,4,7,7,7,0.140625,-1,100,-10
819,1,4,7,7,9,0.140625,-1,100,-10
820,1,2,7,7,11,0.140625,-1,100,-10
821,5,0,7,7,9,0.140625,-1,100,-10
822,3,4,7,7,7,0.140625,-1,100,-10
823,1,2,7,7,11,0.140625,-1,100,-10
824,2,5,7,7,7,0.140625,-1,100,-10
825,7,6,7,7,1,0.140625,-1,100,-10
826,1,0,7,7,13,0.140625,-1,100,-10
827,0,4,7,7,10,0.140625,-1,100,-10
828,1,1,7,7,12,0.140625,-1,100,-10
829,6,6,7,7,2,0.140625,-1,100,-10
830,6,2,7,7,6,0.140625,-1,100,-10
831,4,4,7,7,6,0.140625,-1,100,-10
832,1,4,7,7,9,0.140625,-1,100,-10
833,4,3,7,7,7,0.140625,-1,100,-10
834,6,5,7,7,3,0.140625,-1,100,-10
835,4,5,7,7,5,0.140625,-1,100,-10
836,6,4,7,7,4,0.140625,-1,100,-10
837,2,6,7,7,6,0.140625,-1,100,-10
838,5,7,7,7,2,0.140625,-1,100,-10
839,1,3,7,7,10,0.140625,-1,100,-10
840,7,4,7,7,3,0.140625,-1,100,-10
841,7,0,7,7,7,0.140625,-1,100,-10
842,0,6,7,7,8,0.140625,-1,100,-10
843,2,4,7,7,8,0.140625,-1,100,-10
844,3,3,7,7,8,0.140625,-1,100,-10
845,7,0,7,7,7,0.140625,-1,100,-10
846,6,7,7,7,1,0.140625,-1,100,-10
847,5,3,7,7,6,0.140625,-1,100,-10
848,1,5,7,7,8,0.140625,-1,100,-10
849,3,1,7,7,10,0.140625,-1,100,-10
850,2,7,7,7,5,0.140625,-1,100,-10
851,2,1,7,7,11,0.140625,-1,100,-10
852,5,1,7,7,8,0.140625,-1,100,-10
853,7,6,7,7,1,0.140625,-1,100,-10
854,7,7,7,7,0,0.140625,-1,100,-10
855,1,1,7,7,12,0.140625,-1,100,-10
856,2,3,7,7,9,0.140625,-1,100,-10
857,7,5,7,7,2,0.140625,-1,100,-10
858,5,7,7,7,2,0.140625,-1,100,-10
859,5,3,7,7,6,0.140625,-1,100,-10
860,3,4,7,7,7,0.140625,-1,100,-10
861,0,5,7,7,9,0.140625,-1,100,-10
862,5,5,7,7,4,0.140625,-1,100,-10
863,4,6,7,7,4,0.140625,-1,100,-10
864,7,4,7,7,3,0.140625,-1,100,-10
865,3,0,7,7,11,0.140625,-1,100,-10
866,6,7,7,7,1,0.140625,-1,100,-10
867,5,6,7,7,3,0.140625,-1,100,-10
868,6,6,7,7,2,0.140625,-1,100,-10
869,4,0,7,7,10,0.140625,-1,100,-10
870,0,1,7,7,13,0.140625,-1,100,-10
871,3,5,7,7,6,0.140625,-1,100,-10
872,3,0,7,7,11,0.140625,-1,100,-10
873,1,7,7,7,6,0.140625,-1,100,-10
874,7,3,7,7,4,0.140625,-1,100,-10
875,6,5,7,7,3,0.140625,-1,100,-10
876,7,7,7,7,0,0.140625,-1,100,-10
877,5,3,7,7,6,0.140625,-1,100,-10
878,5,2,7,7,7,0.140625,-1,100,-10
879,2,4,7,7,8,0.140625,-1,100,-10
880,4,4,7,7,6,0.140625,-1,100,-10
881,3,3,7,7,8,0.140625,-1,100,-10
882,0,4,7,7,10,0.140625,-1,100,-10
883,4,7,7,7,3,0.140625,-1,100,-10
884,4,3,7,7,7,0.140625,-1,100,-10
885,0,1,7,7,13,0.140625,-1,100,-10
886,2,3,7,7,9,0.140625,-1,100,-10
887,2,3,7,7,9,0.140625,-1,100,-10
888,6,1,7,7,7,0.140625,-1,100,-10
889,2,1,7,7,11,0.140625,-1,100,-10
890,2,5,7,7,7,0.140625,-1,100,-10
891,0,2,7,7,12,0.140625,-1,100,-10
892,0,7,7,7,7,0.140625,-1,100,-10
893,5,1,7,7,8,0.140625,-1,100,-10
894,1,0,7,7,13,0.140625,-1,100,-10
895,3,6,7,7,5,0.140625,-1,100,-10
896,4,7,7,7,3,0.140625,-1,100,-10
897,2,2,7,7,10,0.140625,-1,100,-10
898,3,1,7,7,10,0.140625,-1,100,-10
899,7,1,7,7,6,0.140625,-1,100,-10
900,3,4,7,7,7,0.140625,-1,100,-10
901,0,3,7,7,11,0.140625,-1,100,-10
902,3,2,7,7,9,0.140625,-1,100,-10
903,1,0,7,7,13,0.140625,-1,100,-10
904,0,3,7,7,11,0.140625,-1,100,-10
905,0,7,7,7,7,0.140625,-1,100,-10
906,1,5,7,7,8,0.140625,-1,100,-10
907,5,3,7,7,6,0.140625,-1,100,-10
908,7,0,7,7,7,0.140625,-1,100,-10
909,1,2,7,7,11,0.140625,-1,100,-10
910,1,2,7,7,11,0.140625,-1,100,-10
911,2,6,7,7,6,0.140625,-1,100,-10
912,2,7,7,7,5,0.140625,-1,100,-10
913,6,7,7,7,1,0.140625,-1,100,-10
914,0,7,7,7,7,0.140625,-1,100,-10
915,4,7,7,7,3,0.140625,-1,100,-10
916,2,7,7,7,5,0.140625,-1,100,-10
917,4,0,7,7,10,0.140625,-1,100,-10
918,3,1,7,7,10,0.140625,-1,100,-10
919,7,2,7,7,5,0.140625,-1,100,-10
920,1,4,7,7,9,0.140625,-1,100,-10
921,3,0,7,7,11,0.140625,-1,100,-10
922,6,6,7,7,2,0.140625,-1,100,-10
923,5,4,7,7,5,0.140625,-1,100,-10
924,3,4,7,7,7,0.140625,-1,100,-10
925,4,1,7,7,9,0.140625,-1,100,-10
926,0,2,7,7,12,0.140625,-1,100,-10
927,3,1,7,7,10,0.140625,-1,100,-10
928,0,6,7,7,8,0.140625,-1,100,-10
929,2,4,7,7,8,0.140625,-1,100,-10
930,4,5,7,7,5,0.140625,-1,100,-10
931,5,2,7,7,7,0.140625,-1,100,-10
932,6,2,7,7,6,0.140625,-1,100,-10
933,6,3,7,7,5,0.140625,-1,100,-10
934,0,6,7,7,8,0.140625,-1,100,-10
935,0,6,7,7,8,0.140625,-1,100,-10
936,0,1,7,7,13,0.140625,-1,100,-10
937,4,7,7,7,3,0.140625,-1,100,-10
938,3,0,7,7,11,0.140625,-1,100,-10
939,1,7,7,7,6,0.140625,-1,100,-10
940,5,0,7,7,9,0.140625,-1,100,-10
941,3,2,7,7,9,0.140625,-1,100,-10
942,1,6,7,7,7,0.140625,-1,100,-10
943,4,1,7,7,9,0.140625,-1,100,-10
944,5,3,7,7,6,0.140625,-1,100,-10
945,0,3,7,7,11,0.140625,-1,100,-10
946,1,1,7,7,12,0.140625,-1,100,-10
947,7,5,7,7,2,0.140625,-1,100,-10
948,1,6,7,7,7,0.140625,-1,100,-10
949,4,6,7,7,4,0.140625,-1,100,-10
950,5,2,7,7,7,0.140625,-1,100,-10
951,4,4,7,7,6,0.140625,-1,100,-10
952,5,1,7,7,8,0.140625,-1,100,-10
953,2,1,7,7,11,0.140625,-1,100,-10
954,2,1,7,7,11,0.140625,-1,100,-10
955,0,7,7,7,7,0.140625,-1,100,-10
956,0,7,7,7,7,0.140625,-1,100,-10
957,0,6,7,7,8,0.140625,-1,100,-10
958,2,4,7,7,8,0.140625,-1,100,-10
959,2,3,7,7,9,0.140625,-1,100,-10
960,3,4,7,7,7,0.140625,-1,100,-10
961,3,4,7,7,7,0.140625,-1,100,-10
962,6,3,7,7,5,0.140625,-1,100,-10
963,2,1,7,7,11,0.140625,-1,100,-10
964,2,1,7,7,11,0.140625,-1,100,-10
965,1,7,7,7,6,0.140625,-1,100,-10
966,0,3,7,7,11,0.140625,-1,100,-10
967,6,7,7,7,1,0.140625,-1,100,-10
968,1,1,7,7,12,0.140625,-1,100,-10
969,2,4,7,7,8,0.140625,-1,100,-10
970,7,1,7,7,6,0.140625,-1,100,-10
971,1,2,7,7,11,0.140625,-1,100,-10
972,6,0,7,7,8,0.140625,-1,100,-10
973,3,0,7,7,11,0.140625,-1,100,-10
974,1,7,7,7,6,0.140625,-1,100,-10
975,0,2,7,7,12,0.140625,-1,100,-10
976,7,4,7,7,3,0.140625,-1,100,-10
977,0,3,7,7,11,0.140625,-1,100,-10
978,7,3,7,7,4,0.140625,-1,100,-10
979,4,4,7,7,6,0.140625,-1,100,-10
980,5,1,7,7,8,0.140625,-1,100,-10
981,6,7,7,7,1,0.140625,-1,100,-10
982,1,6,7,7,7,0.140625,-1,100,-10
983,6,5,7,7,3,0.140625,-1,100,-10
984,2,3,7,7,9,0.140625,-1,100,-10
985,6,1,7,7,7,0.140625,-1,100,-10
986,6,7,7,7,1,0.140625,-1,100,-10
987,5,2,7,7,7,0.140625,-1,100,-10
988,4,0,7,7,10,0.140625,-1,100,-10
989,7,2,7,7,5,0.140625,-1,100,-10
990,0,6,7,7,8,0.140625,-1,100,-10
991,5,4,7,7,5,0.140625,-1,100,-10
992,0,6,7,7,8,0.140625,-1,100,-10
993,5,6,7,7,3,0.140625,-1,100,-10
994,6,1,7,7,7,0.140625,-1,100,-10
995,1,7,7,7,6,0.140625,-1,100,-10
996,4,3,7,7,7,0.140625,-1,100,-10
997,2,5,7,7,7,0.140625,-1,100,-10
998,6,0,7,7,8,0.140625,-1,100,-10
999,4,7,7,7,3,0.140625,-1,100,-10
1000,2,2,7,7,10,0.140625,-1,100,-10
